{"properties": [
  {
    "name": "security.locking-border-count",
    "type": "java.lang.String",
    "description": "A description for 'security.locking-border-count'"
  },
  {
    "name": "security.locking-time",
    "type": "java.lang.String",
    "description": "A description for 'security.locking-time'"
  },
  {
    "name": "one-time-code.valid-time",
    "type": "java.lang.String",
    "description": "A description for 'one-time-code.valid-time'"
  },
  {
    "name": "one-time-code.length",
    "type": "java.lang.String",
    "description": "A description for 'one-time-code.length'"
  }
]}